Std,ToU,Acorn,Acorn_grouped,file,LCL
18,32,ACORN-H,3 Comfortable Communities,block_62,50
20,30,ACORN-A,1 Affluent Achievers,block_2,50
25,25,ACORN-E,2 Rising Prosperity,block_37,50
25,25,ACORN-E,2 Rising Prosperity,block_41,50
25,25,ACORN-E,2 Rising Prosperity,block_16,50
27,23,ACORN-H,3 Comfortable Communities,block_63,50
27,23,ACORN-E,2 Rising Prosperity,block_42,50
28,22,ACORN-E,2 Rising Prosperity,block_39,50
28,22,ACORN-E,2 Rising Prosperity,block_31,50
28,22,ACORN-E,2 Rising Prosperity,block_17,50
28,22,ACORN-L,4 Financially Stretched,block_78,50
29,21,ACORN-E,2 Rising Prosperity,block_40,50
30,20,ACORN-E,2 Rising Prosperity,block_34,50
30,20,ACORN-E,2 Rising Prosperity,block_32,50
30,20,ACORN-E,2 Rising Prosperity,block_38,50
31,19,ACORN-E,2 Rising Prosperity,block_33,50
31,19,ACORN-B,1 Affluent Achievers,block_3,50
31,19,ACORN-L,4 Financially Stretched,block_79,50
32,18,ACORN-Q,5 Urban Adversity,block_106,50
32,18,ACORN-H,3 Comfortable Communities,block_64,50
33,17,ACORN-L,4 Financially Stretched,block_80,50
33,17,ACORN-D,2 Rising Prosperity,block_10,50
33,17,ACORN-F,3 Comfortable Communities,block_51,50
33,17,ACORN-J,3 Comfortable Communities,block_72,50
34,16,ACORN-F,3 Comfortable Communities,block_55,50
34,16,ACORN-F,3 Comfortable Communities,block_50,50
35,15,ACORN-G,3 Comfortable Communities,block_61,50
36,14,ACORN-C,1 Affluent Achievers,block_4,50
36,14,ACORN-E,2 Rising Prosperity,block_36,50
36,14,ACORN-G,3 Comfortable Communities,block_58,50
36,14,ACORN-Q,5 Urban Adversity,block_95,50
36,14,ACORN-G,3 Comfortable Communities,block_60,50
36,14,ACORN-F,3 Comfortable Communities,block_46,50
36,14,ACORN-L,4 Financially Stretched,block_77,50
37,13,ACORN-Q,5 Urban Adversity,block_96,50
37,13,ACORN-E,2 Rising Prosperity,block_35,50
37,13,ACORN-Q,5 Urban Adversity,block_94,50
37,13,ACORN-D,2 Rising Prosperity,block_8,50
37,13,ACORN-Q,5 Urban Adversity,block_105,50
38,12,ACORN-F,3 Comfortable Communities,block_45,50
38,12,ACORN-F,3 Comfortable Communities,block_44,50
38,12,ACORN-O,5 Urban Adversity,block_91,50
38,12,ACORN-F,3 Comfortable Communities,block_54,50
38,12,ACORN-E,2 Rising Prosperity,block_19,50
39,11,ACORN-F,3 Comfortable Communities,block_52,50
39,11,ACORN-D,2 Rising Prosperity,block_7,50
39,11,ACORN-Q,5 Urban Adversity,block_107,50
39,11,ACORN-F,3 Comfortable Communities,block_57,50
39,11,ACORN-G,3 Comfortable Communities,block_59,50
39,11,ACORN-D,2 Rising Prosperity,block_9,50
39,11,ACORN-J,3 Comfortable Communities,block_73,50
40,10,ACORN-N,4 Financially Stretched,block_87,50
40,10,ACORN-P,5 Urban Adversity,block_93,50
41,9,ACORN-I,3 Comfortable Communities,block_71,50
41,9,ACORN-F,3 Comfortable Communities,block_48,50
41,9,ACORN-N,4 Financially Stretched,block_86,50
41,9,ACORN-Q,5 Urban Adversity,block_109,50
41,9,ACORN-P,5 Urban Adversity,block_92,50
42,8,ACORN-M,4 Financially Stretched,block_85,50
42,8,ACORN-F,3 Comfortable Communities,block_53,50
42,8,ACORN-E,2 Rising Prosperity,block_20,50
42,8,ACORN-D,2 Rising Prosperity,block_11,50
42,8,ACORN-Q,5 Urban Adversity,block_97,50
43,7,ACORN-M,4 Financially Stretched,block_84,50
43,7,ACORN-Q,5 Urban Adversity,block_104,50
43,7,ACORN-F,3 Comfortable Communities,block_47,50
43,7,ACORN-D,2 Rising Prosperity,block_12,50
43,7,ACORN-F,3 Comfortable Communities,block_56,50
44,6,ACORN-N,4 Financially Stretched,block_88,50
44,6,ACORN-O,5 Urban Adversity,block_90,50
44,6,ACORN-K,4 Financially Stretched,block_75,50
45,5,ACORN-K,4 Financially Stretched,block_76,50
45,5,ACORN-E,2 Rising Prosperity,block_15,50
45,5,ACORN-L,4 Financially Stretched,block_82,50
45,5,ACORN-C,1 Affluent Achievers,block_5,50
45,5,ACORN-F,3 Comfortable Communities,block_49,50
46,4,ACORN-Q,5 Urban Adversity,block_98,50
47,3,ACORN-L,4 Financially Stretched,block_83,50
48,2,ACORN-E,2 Rising Prosperity,block_18,50
49,1,ACORN-L,4 Financially Stretched,block_81,50
49,1,ACORN-H,3 Comfortable Communities,block_70,50
49,1,ACORN-Q,5 Urban Adversity,block_103,50
49,1,ACORN-E,2 Rising Prosperity,block_27,50
49,1,ACORN-Q,5 Urban Adversity,block_100,50
50,0,ACORN-A,1 Affluent Achievers,block_1,50
50,0,ACORN-H,3 Comfortable Communities,block_69,50
50,0,ACORN-H,3 Comfortable Communities,block_68,50
50,0,ACORN-Q,5 Urban Adversity,block_101,50
50,0,ACORN-Q,5 Urban Adversity,block_102,50
50,0,ACORN-Q,5 Urban Adversity,block_108,50
50,0,ACORN-E,2 Rising Prosperity,block_13,50
50,0,ACORN-E,2 Rising Prosperity,block_14,50
50,0,ACORN-E,2 Rising Prosperity,block_21,50
50,0,ACORN-E,2 Rising Prosperity,block_22,50
50,0,ACORN-E,2 Rising Prosperity,block_23,50
50,0,ACORN-E,2 Rising Prosperity,block_24,50
50,0,ACORN-E,2 Rising Prosperity,block_25,50
50,0,ACORN-E,2 Rising Prosperity,block_26,50
50,0,ACORN-E,2 Rising Prosperity,block_28,50
50,0,ACORN-E,2 Rising Prosperity,block_29,50
50,0,ACORN-E,2 Rising Prosperity,block_30,50
50,0,ACORN-H,3 Comfortable Communities,block_65,50
50,0,ACORN-H,3 Comfortable Communities,block_66,50
50,0,ACORN-H,3 Comfortable Communities,block_67,50
50,0,ACORN-Q,5 Urban Adversity,block_99,50
